,year,ave
0,2010,104.04572982326042
1,2011,99.0932403834184
2,2012,90.53876763535511
3,2013,98.40268334475678
4,2014,93.91770864253918
5,2015,85.85893721461186
